,LineNumber,Class
0,L0,C14
1,L1,C3
2,L2,C18
3,L3,C11
4,L4,C2
5,L5,C17
6,L6,C6
7,L7,C17
8,L8,C16
9,L9,C3
10,L10,C9
11,L11,C1
12,L12,C3
13,L13,C0
14,L14,C19
15,L15,C19
16,L16,C9
17,L17,C3
18,L18,C1
19,L19,C18
20,L20,C7
21,L21,C10
22,L22,C19
23,L23,C9
24,L24,C5
25,L25,C4
26,L26,C1
27,L27,C5
28,L28,C4
29,L29,C9
30,L30,C18
31,L31,C7
32,L32,C13
33,L33,C17
34,L34,C8
35,L35,C6
36,L36,C0
37,L37,C7
38,L38,C15
39,L39,C3
40,L40,C18
41,L41,C13
42,L42,C9
43,L43,C3
44,L44,C9
45,L45,C2
46,L46,C19
47,L47,C15
48,L48,C9
49,L49,C18
50,L50,C17
51,L51,C12
52,L52,C14
53,L53,C11
54,L54,C9
55,L55,C9
56,L56,C4
57,L57,C9
58,L58,C17
59,L59,C18
60,L60,C2
61,L61,C7
62,L62,C9
63,L63,C7
64,L64,C4
65,L65,C9
66,L66,C1
67,L67,C10
68,L68,C6
69,L69,C7
70,L70,C17
71,L71,C3
72,L72,C4
73,L73,C0
74,L74,C1
75,L75,C9
76,L76,C4
77,L77,C7
78,L78,C0
79,L79,C17
80,L80,C15
81,L81,C7
82,L82,C4
83,L83,C4
84,L84,C3
85,L85,C17
86,L86,C0
87,L87,C6
88,L88,C18
89,L89,C8
90,L90,C7
91,L91,C1
92,L92,C1
93,L93,C3
94,L94,C0
95,L95,C4
96,L96,C11
97,L97,C10
98,L98,C0
99,L99,C3
100,L100,C3
101,L101,C19
102,L102,C0
103,L103,C0
104,L104,C8
105,L105,C1
106,L106,C15
107,L107,C16
108,L108,C9
109,L109,C1
110,L110,C0
111,L111,C3
112,L112,C15
113,L113,C7
114,L114,C9
115,L115,C5
116,L116,C16
117,L117,C7
118,L118,C3
119,L119,C7
120,L120,C17
121,L121,C9
122,L122,C12
123,L123,C8
124,L124,C12
125,L125,C7
126,L126,C9
127,L127,C17
128,L128,C8
129,L129,C8
130,L130,C0
131,L131,C10
132,L132,C6
133,L133,C8
134,L134,C11
135,L135,C9
136,L136,C7
137,L137,C1
138,L138,C19
139,L139,C1
140,L140,C12
141,L141,C3
142,L142,C5
143,L143,C9
144,L144,C0
145,L145,C3
146,L146,C19
147,L147,C1
148,L148,C19
149,L149,C12
150,L150,C17
151,L151,C0
152,L152,C1
153,L153,C13
154,L154,C9
155,L155,C9
156,L156,C18
157,L157,C2
158,L158,C7
159,L159,C1
160,L160,C7
161,L161,C3
162,L162,C18
163,L163,C7
164,L164,C4
165,L165,C1
166,L166,C18
167,L167,C3
168,L168,C4
169,L169,C7
170,L170,C4
171,L171,C13
172,L172,C15
173,L173,C7
174,L174,C7
175,L175,C9
176,L176,C4
177,L177,C17
178,L178,C17
179,L179,C5
180,L180,C4
181,L181,C5
182,L182,C6
183,L183,C1
184,L184,C14
185,L185,C9
186,L186,C17
187,L187,C19
188,L188,C17
189,L189,C15
190,L190,C11
191,L191,C0
192,L192,C4
193,L193,C2
194,L194,C8
195,L195,C5
196,L196,C0
197,L197,C15
198,L198,C2
199,L199,C7
200,L200,C4
201,L201,C5
202,L202,C2
203,L203,C7
204,L204,C4
205,L205,C3
206,L206,C11
207,L207,C19
208,L208,C7
209,L209,C11
210,L210,C7
211,L211,C12
212,L212,C2
213,L213,C13
214,L214,C0
215,L215,C19
216,L216,C16
217,L217,C17
218,L218,C5
219,L219,C6
220,L220,C13
221,L221,C2
222,L222,C0
223,L223,C9
224,L224,C9
225,L225,C6
226,L226,C1
227,L227,C15
228,L228,C3
229,L229,C0
230,L230,C1
231,L231,C15
232,L232,C6
233,L233,C13
234,L234,C16
235,L235,C18
236,L236,C17
237,L237,C15
238,L238,C12
239,L239,C4
240,L240,C6
241,L241,C2
242,L242,C0
243,L243,C3
244,L244,C1
245,L245,C6
246,L246,C3
247,L247,C7
248,L248,C0
249,L249,C1
250,L250,C7
251,L251,C3
252,L252,C3
253,L253,C13
254,L254,C7
255,L255,C5
256,L256,C17
257,L257,C15
258,L258,C1
259,L259,C17
260,L260,C12
261,L261,C15
262,L262,C14
263,L263,C15
264,L264,C4
265,L265,C9
266,L266,C9
267,L267,C3
268,L268,C9
269,L269,C4
270,L270,C9
271,L271,C19
272,L272,C4
273,L273,C9
274,L274,C3
275,L275,C4
276,L276,C4
277,L277,C19
278,L278,C0
279,L279,C3
280,L280,C7
281,L281,C19
282,L282,C5
283,L283,C19
284,L284,C1
285,L285,C2
286,L286,C0
287,L287,C15
288,L288,C3
289,L289,C0
290,L290,C18
291,L291,C18
292,L292,C9
293,L293,C8
294,L294,C7
295,L295,C9
296,L296,C6
297,L297,C7
298,L298,C9
299,L299,C7
300,L300,C14
301,L301,C0
302,L302,C13
303,L303,C4
304,L304,C13
305,L305,C0
306,L306,C19
307,L307,C16
308,L308,C3
309,L309,C1
310,L310,C3
311,L311,C7
312,L312,C8
313,L313,C2
314,L314,C9
315,L315,C0
316,L316,C1
317,L317,C6
318,L318,C14
319,L319,C0
320,L320,C14
321,L321,C7
322,L322,C17
323,L323,C14
324,L324,C4
325,L325,C12
326,L326,C2
327,L327,C3
328,L328,C15
329,L329,C0
330,L330,C18
331,L331,C12
332,L332,C15
333,L333,C18
334,L334,C4
335,L335,C3
336,L336,C9
337,L337,C0
338,L338,C9
339,L339,C3
340,L340,C11
341,L341,C13
342,L342,C14
343,L343,C18
344,L344,C1
345,L345,C9
346,L346,C7
347,L347,C6
348,L348,C0
349,L349,C4
350,L350,C7
351,L351,C9
352,L352,C7
353,L353,C19
354,L354,C2
355,L355,C10
356,L356,C11
357,L357,C19
358,L358,C19
359,L359,C0
360,L360,C0
361,L361,C12
362,L362,C2
363,L363,C0
364,L364,C9
365,L365,C0
366,L366,C2
367,L367,C0
368,L368,C0
369,L369,C7
370,L370,C4
371,L371,C10
372,L372,C17
373,L373,C2
374,L374,C6
375,L375,C1
376,L376,C6
377,L377,C0
378,L378,C7
379,L379,C12
380,L380,C17
381,L381,C2
382,L382,C2
383,L383,C9
384,L384,C0
385,L385,C0
386,L386,C0
387,L387,C18
388,L388,C1
389,L389,C18
390,L390,C0
391,L391,C17
392,L392,C5
393,L393,C17
394,L394,C4
395,L395,C15
396,L396,C0
397,L397,C9
398,L398,C19
399,L399,C5
400,L400,C9
401,L401,C8
402,L402,C1
403,L403,C15
404,L404,C4
405,L405,C0
406,L406,C19
407,L407,C1
408,L408,C19
409,L409,C17
410,L410,C3
411,L411,C15
412,L412,C12
413,L413,C15
414,L414,C0
415,L415,C18
416,L416,C4
417,L417,C0
418,L418,C7
419,L419,C13
420,L420,C17
421,L421,C4
422,L422,C10
423,L423,C10
424,L424,C8
425,L425,C7
426,L426,C19
427,L427,C11
428,L428,C6
429,L429,C11
430,L430,C1
431,L431,C12
432,L432,C19
433,L433,C13
434,L434,C15
435,L435,C6
436,L436,C19
437,L437,C8
438,L438,C0
439,L439,C12
440,L440,C9
441,L441,C17
442,L442,C2
443,L443,C1
444,L444,C4
445,L445,C1
446,L446,C7
447,L447,C8
448,L448,C1
449,L449,C4
450,L450,C17
451,L451,C1
452,L452,C9
453,L453,C6
454,L454,C5
455,L455,C9
456,L456,C4
457,L457,C1
458,L458,C8
459,L459,C3
460,L460,C1
461,L461,C9
462,L462,C17
463,L463,C3
464,L464,C7
465,L465,C12
466,L466,C9
467,L467,C16
468,L468,C10
469,L469,C5
470,L470,C3
471,L471,C2
472,L472,C4
473,L473,C8
474,L474,C8
475,L475,C15
476,L476,C0
477,L477,C9
478,L478,C6
479,L479,C7
480,L480,C13
481,L481,C16
482,L482,C0
483,L483,C8
484,L484,C11
485,L485,C0
486,L486,C7
487,L487,C16
488,L488,C1
489,L489,C0
490,L490,C0
491,L491,C4
492,L492,C11
493,L493,C1
494,L494,C15
495,L495,C7
496,L496,C5
497,L497,C7
498,L498,C9
499,L499,C17
500,L500,C0
501,L501,C19
502,L502,C7
503,L503,C4
504,L504,C13
505,L505,C18
506,L506,C2
507,L507,C17
508,L508,C0
509,L509,C12
510,L510,C15
511,L511,C18
512,L512,C3
513,L513,C5
514,L514,C6
515,L515,C15
516,L516,C0
517,L517,C0
518,L518,C11
519,L519,C4
520,L520,C2
521,L521,C12
522,L522,C12
523,L523,C2
524,L524,C17
525,L525,C11
526,L526,C15
527,L527,C15
528,L528,C8
529,L529,C3
530,L530,C12
531,L531,C9
532,L532,C13
533,L533,C15
534,L534,C1
535,L535,C6
536,L536,C15
537,L537,C16
538,L538,C0
539,L539,C7
540,L540,C0
541,L541,C11
542,L542,C16
543,L543,C3
544,L544,C2
545,L545,C8
546,L546,C2
547,L547,C7
548,L548,C19
549,L549,C0
550,L550,C4
551,L551,C7
552,L552,C1
553,L553,C8
554,L554,C1
555,L555,C12
556,L556,C4
557,L557,C2
558,L558,C7
559,L559,C0
560,L560,C0
561,L561,C2
562,L562,C8
563,L563,C1
564,L564,C19
565,L565,C0
566,L566,C5
567,L567,C7
568,L568,C17
569,L569,C7
570,L570,C1
571,L571,C3
572,L572,C17
573,L573,C17
574,L574,C14
575,L575,C1
576,L576,C5
577,L577,C0
578,L578,C1
579,L579,C7
580,L580,C5
581,L581,C4
582,L582,C12
583,L583,C1
584,L584,C4
585,L585,C2
586,L586,C2
587,L587,C14
588,L588,C15
589,L589,C7
590,L590,C0
591,L591,C0
592,L592,C14
593,L593,C2
594,L594,C0
595,L595,C18
596,L596,C0
597,L597,C4
598,L598,C3
599,L599,C12
600,L600,C9
601,L601,C8
602,L602,C5
603,L603,C2
604,L604,C8
605,L605,C1
606,L606,C15
607,L607,C6
608,L608,C9
609,L609,C7
610,L610,C2
611,L611,C14
612,L612,C9
613,L613,C7
614,L614,C13
615,L615,C8
616,L616,C4
617,L617,C17
618,L618,C11
619,L619,C9
620,L620,C14
621,L621,C18
622,L622,C3
623,L623,C18
624,L624,C3
625,L625,C17
626,L626,C18
627,L627,C1
628,L628,C5
629,L629,C2
630,L630,C1
631,L631,C11
632,L632,C4
633,L633,C15
634,L634,C7
635,L635,C6
636,L636,C16
637,L637,C19
638,L638,C11
639,L639,C17
640,L640,C18
641,L641,C11
642,L642,C9
643,L643,C8
644,L644,C2
645,L645,C4
646,L646,C0
647,L647,C7
648,L648,C3
649,L649,C12
650,L650,C19
651,L651,C8
652,L652,C8
653,L653,C11
654,L654,C0
655,L655,C12
656,L656,C11
657,L657,C17
658,L658,C9
659,L659,C4
660,L660,C11
661,L661,C6
662,L662,C5
663,L663,C19
664,L664,C2
665,L665,C9
666,L666,C8
667,L667,C10
668,L668,C5
669,L669,C8
670,L670,C10
671,L671,C4
672,L672,C6
673,L673,C9
674,L674,C3
675,L675,C11
676,L676,C16
677,L677,C8
678,L678,C17
679,L679,C0
680,L680,C0
681,L681,C0
682,L682,C14
683,L683,C19
684,L684,C1
685,L685,C17
686,L686,C11
687,L687,C17
688,L688,C6
689,L689,C6
690,L690,C2
691,L691,C12
692,L692,C13
693,L693,C13
694,L694,C0
695,L695,C9
696,L696,C13
697,L697,C2
698,L698,C13
699,L699,C14
700,L700,C16
701,L701,C5
